10play.com.au,OCA,AU,AU
n10-pluto-v2-stream.global.ssl.fastly.net,OCA,AU,AU
oztam.com.au,OCA,AU,AU
n10-live-amg-dw.global.ssl.fastly.net,OCA,AU,AU
net10-livestream-keys.play.cbsi.video,OCA,AU,AU
10-static-assets.global.ssl.fastly.net,OCA,AU,AU
10play-vod.global.ssl.fastly.net,OCA,AU,AU
fms.viacomcbs.digital,OCA,AU,AU
edv021asd.freetls.fastly.net,OCA,AU,AU
n10-live-amg-ms.global.ssl.fastly.net,OCA,AU,AU
n10-live-amg-ct.global.ssl.fastly.net,OCA,AU,AU
pluto62446f7.airspace-cdn.cbsivideo.com,OCA,AU,AU