7livecloud.io,OCA,AU,AU
7plus-sevennetwork.akamaized.net,OCA,AU,AU
7plus.com.au,OCA,AU,AU
Swm.digital,OCA,AU,AU
Swmdigital.com.au,OCA,AU,AU
a950.v.akamai.net,OCA,AU,AU
tvapi.com.au,OCA,AU,AU
cdn.geocomply.com,OCA,AU,AU
csm-e-cesevenausw2live102-00783ab36f3923adc.tls1.yospace.com,OCA,AU,AU
csm-e-cesevenausw2live102-010f3736ede91b684.tls1.yospace.com,OCA,AU,AU
csm-e-cesevenausw2live102-022dc138d21e55252.tls1.yospace.com,OCA,AU,AU
csm-e-cesevenausw2live102-026c6053d89534e70.tls1.yospace.com,OCA,AU,AU
csm-e-cesevenausw2live102-035c94f5e0c417c4a.tls1.yospace.com,OCA,AU,AU
csm-e-cesevenausw2live102-036796eea3bca1731.tls1.yospace.com,OCA,AU,AU
csm-e-cesevenausw2live102-03716bd1d1e4d6cbf.tls1.yospace.com,OCA,AU,AU
csm-e-cesevenausw2live102-038387fb5f93d047e.tls1.yospace.com,OCA,AU,AU
csm-e-cesevenausw2live102-03a9289e27153cb2b.tls1.yospace.com,OCA,AU,AU
csm-e-cesevenausw2live102-04619a33f303c30e0.tls1.yospace.com,OCA,AU,AU
csm-e-cesevenausw2live102-04de4efc448d1864b.tls1.yospace.com,OCA,AU,AU
csm-e-cesevenausw2live102-055242aa30c31ad36.tls1.yospace.com,OCA,AU,AU
csm-e-cesevenausw2live102-05625e63cb40935e5.tls1.yospace.com,OCA,AU,AU
csm-e-cesevenausw2live102-060291359b0af56b0.tls1.yospace.com,OCA,AU,AU
csm-e-cesevenausw2live102-0627d9d52f5db5945.tls1.yospace.com,OCA,AU,AU
csm-e-cesevenausw2live102-062dde037c057e221.tls1.yospace.com,OCA,AU,AU
csm-e-cesevenausw2live102-068a26b9799f17db5.tls1.yospace.com,OCA,AU,AU
csm-e-cesevenausw2live102-0694946efd6866ace.tls1.yospace.com,OCA,AU,AU
csm-e-cesevenausw2live102-06c616be8ee234aff.tls1.yospace.com,OCA,AU,AU
csm-e-cesevenausw2live102-074cae223526553e9.tls1.yospace.com,OCA,AU,AU
csm-e-cesevenausw2live102-0772ceafb9012cb7a.tls1.yospace.com,OCA,AU,AU
csm-e-cesevenausw2live102-07a1707d86a6ddbf9.tls1.yospace.com,OCA,AU,AU
csm-e-cesevenausw2live102-07a3e8e34b687cd01.tls1.yospace.com,OCA,AU,AU
csm-e-cesevenausw2live102-07b51e58d5305a465.tls1.yospace.com,OCA,AU,AU
csm-e-cesevenausw2live102-07dbba91f836d9c76.tls1.yospace.com,OCA,AU,AU
csm-e-cesevenausw2live102-080d9350c56a6a21b.tls1.yospace.com,OCA,AU,AU
csm-e-cesevenausw2live102-08645d677df27c912.tls1.yospace.com,OCA,AU,AU
csm-e-cesevenausw2live102-08fc957874e1fc71c.tls1.yospace.com,OCA,AU,AU
csm-e-cesevenausw2live102-08fd75f3d49b1954f.tls1.yospace.com,OCA,AU,AU
csm-e-cesevenausw2live102-08ff15f1c695af902.tls1.yospace.com,OCA,AU,AU
csm-e-cesevenausw2live102-0961737745a9c6b86.tls1.yospace.com,OCA,AU,AU
csm-e-cesevenausw2live102-09f43ab4124229690.tls1.yospace.com,OCA,AU,AU
csm-e-cesevenausw2live102-0b3bd3006d4b67681.tls1.yospace.com,OCA,AU,AU
csm-e-cesevenausw2live102-0c0db5e03a51e08d2.tls1.yospace.com,OCA,AU,AU
csm-e-cesevenausw2live102-0c4535fd0527bdd26.tls1.yospace.com,OCA,AU,AU
csm-e-cesevenausw2live102-0cbb43e826bf2d308.tls1.yospace.com,OCA,AU,AU
csm-e-cesevenausw2live102-0d1e77d68dc11a97b.tls1.yospace.com,OCA,AU,AU
csm-e-cesevenausw2live102-0d7452f66e2c5785b.tls1.yospace.com,OCA,AU,AU
csm-e-cesevenausw2live102-0e5cc5d8502a88800.tls1.yospace.com,OCA,AU,AU
csm-e-cesevenausw2live102-0e92c25d15f56147f.tls1.yospace.com,OCA,AU,AU
csm-e-cesevenausw2live102-0ebfec74eeccc6eee.tls1.yospace.com,OCA,AU,AU
csm-e-cesevenausw2live102-0f2b1dccb1410381a.tls1.yospace.com,OCA,AU,AU
csm-e-n7aus-eb.tls1.yospace.com,OCA,AU,AU
npc-live-sevennetwork.akamaized.net,OCA,AU,AU
s3sprite.masx.io,OCA,AU,AU
tvapi.com.au,OCA,AU,AU
asn.au,OCA,AU,AU
com.au,OCA,AU,AU
edu.au,OCA,AU,AU
gov.au,OCA,AU,AU
id.au,OCA,AU,AU
net.au,OCA,AU,AU
org.au,OCA,AU,AU