mantis-intelligence.com,OCA,AU,AU
widgixca-beacon.s3.amazonaws.com,OCA,AU,AU
9cdn.net,OCA,AU,AU
p-nine.akamaized.net,OCA,AU,AU
weatherzone.com.au,OCA,AU,AU
domain.com.au,OCA,AU,AU
drive-boot.graphcdn.app,OCA,AU,AU
drive.com.au,OCA,AU,AU
nine.com.au,OCA,AU,AU
static9.net.au,OCA,AU,AU
steelmaiden.com,OCA,AU,AU
9now.com.au,OCA,AU,AU
merequartz.com,OCA,AU,AU
au-script.dotmetrics.net,OCA,AU,AU
rm-script.dotmetrics.net,OCA,AU,AU
google.com.au,OCA,AU,AU
preview-amagistv-amg02189-cloudport.now.amagi.tv,OCA,AU,AU
9now.app.link,OCA,AU,AU
9now-livestreams-fhd-t.akamaized.net,OCA,AU,AU
cx0vi.publishers.tremorhub.com,OCA,AU,AU
csm-e-nineau1-eb.bln1.yospace.com,OCA,AU,AU
oztam.com.au,OCA,AU,AU
truesession.com.au,OCA,AU,AU
pixel.zprk.io,OCA,AU,AU
bln1.yospace.com,OCA,AU,AU
nineanalytics.io,OCA,AU,AU
fast-channels-prod.akamaized.net,OCA,AU,AU
p-9now.akamaized.net,OCA,AU,AU
9now-livestreams-v2.akamaized.net,OCA,AU,AU
