a1944.dscw16.akamai.net,AMN,UF,UF
a2030.dscapi9.akamai.net,AMN,UF,UF
admaster.cc,AMN,UF,UF
arkose.daex.identityservices.io,AMN,UF,UF
bea4.v.fwmrm.net,AMN,UF,UF
bitmovin.com,AMN,UF,UF
cadmus.script.ac,AMN,UF,UF
cdn.blisspointmedia.com,AMN,UF,UF
cdn.ml314.com,AMN,UF,UF
cdn.parsely.com,AMN,UF,UF
chrt.fm,AMN,UF,UF
cnn-tls.map.fastly.net,AMN,UF,UF
cnn.com,AMN,UF,UF
cnn.io,AMN,UF,UF
fairplay.license.istreamplanet.com,AMN,UF,UF
istreamplanet.com,AMN,UF,UF
navvy.media.net,AMN,UF,UF
ngtv.io,AMN,UF,UF
nielsencollections.com,AMN,UF,UF
ntv.io,AMN,UF,UF
pdst.fm,AMN,UF,UF
podtrac.com,AMN,UF,UF
pointmediatracker.com,AMN,UF,UF
px-cloud.net,AMN,UF,UF
radiotime.com,AMN,UF,UF
rlcdn.com,AMN,UF,UF
swap.fm,AMN,UF,UF
tracking.swap.fm,AMN,UF,UF
turner.com,AMN,UF,UF
tzm.px-cloud.net,AMN,UF,UF
ugdturner.com,AMN,UF,UF
waenermedialabs.com,AMN,UF,UF
warnermedia.com,AMN,UF,UF
warnermediacdn.com,AMN,UF,UF
warnermediagroup-com.videoplayerhub.com,AMN,UF,UF
wbd-api.arkoselabs.com,AMN,UF,UF
zqtk.net,AMN,UF,UF