a1944.dscw16.akamai.net,AMN,US,US
a2030.dscapi9.akamai.net,AMN,US,US
admaster.cc,AMN,US,US
arkose.daex.identityservices.io,AMN,US,US
bea4.v.fwmrm.net,AMN,US,US
bitmovin.com,AMN,US,US
cadmus.script.ac,AMN,US,US
cdn.blisspointmedia.com,AMN,US,US
cdn.ml314.com,AMN,US,US
cdn.parsely.com,AMN,US,US
chrt.fm,AMN,US,US
cnn-tls.map.fastly.net,AMN,US,US
cnn.com,AMN,US,US
cnn.io,AMN,US,US
fairplay.license.istreamplanet.com,AMN,US,US
istreamplanet.com,AMN,US,US
navvy.media.net,AMN,US,US
ngtv.io,AMN,US,US
nielsencollections.com,AMN,US,US
ntv.io,AMN,US,US
pdst.fm,AMN,US,US
podtrac.com,AMN,US,US
pointmediatracker.com,AMN,US,US
px-cloud.net,AMN,US,US
radiotime.com,AMN,US,US
rlcdn.com,AMN,US,US
swap.fm,AMN,US,US
tracking.swap.fm,AMN,US,US
turner.com,AMN,US,US
tzm.px-cloud.net,AMN,US,US
ugdturner.com,AMN,US,US
waenermedialabs.com,AMN,US,US
warnermedia.com,AMN,US,US
warnermediacdn.com,AMN,US,US
warnermediagroup-com.videoplayerhub.com,AMN,US,US
wbd-api.arkoselabs.com,AMN,US,US
zqtk.net,AMN,US,US