a1944.dscw16.akamai.net,AMN,UC,UC
a2030.dscapi9.akamai.net,AMN,UC,UC
admaster.cc,AMN,UC,UC
arkose.daex.identityservices.io,AMN,UC,UC
bea4.v.fwmrm.net,AMN,UC,UC
bitmovin.com,AMN,UC,UC
cadmus.script.ac,AMN,UC,UC
cdn.blisspointmedia.com,AMN,UC,UC
cdn.ml314.com,AMN,UC,UC
cdn.parsely.com,AMN,UC,UC
chrt.fm,AMN,UC,UC
cnn-tls.map.fastly.net,AMN,UC,UC
cnn.com,AMN,UC,UC
cnn.io,AMN,UC,UC
fairplay.license.istreamplanet.com,AMN,UC,UC
istreamplanet.com,AMN,UC,UC
navvy.media.net,AMN,UC,UC
ngtv.io,AMN,UC,UC
nielsencollections.com,AMN,UC,UC
ntv.io,AMN,UC,UC
pdst.fm,AMN,UC,UC
podtrac.com,AMN,UC,UC
pointmediatracker.com,AMN,UC,UC
px-cloud.net,AMN,UC,UC
radiotime.com,AMN,UC,UC
rlcdn.com,AMN,UC,UC
swap.fm,AMN,UC,UC
tracking.swap.fm,AMN,UC,UC
turner.com,AMN,UC,UC
tzm.px-cloud.net,AMN,UC,UC
ugdturner.com,AMN,UC,UC
waenermedialabs.com,AMN,UC,UC
warnermedia.com,AMN,UC,UC
warnermediacdn.com,AMN,UC,UC
warnermediagroup-com.videoplayerhub.com,AMN,UC,UC
wbd-api.arkoselabs.com,AMN,UC,UC
zqtk.net,AMN,UC,UC