a1944.dscw16.akamai.net,AMN,UB,UB
a2030.dscapi9.akamai.net,AMN,UB,UB
admaster.cc,AMN,UB,UB
arkose.daex.identityservices.io,AMN,UB,UB
bea4.v.fwmrm.net,AMN,UB,UB
bitmovin.com,AMN,UB,UB
cadmus.script.ac,AMN,UB,UB
cdn.blisspointmedia.com,AMN,UB,UB
cdn.ml314.com,AMN,UB,UB
cdn.parsely.com,AMN,UB,UB
chrt.fm,AMN,UB,UB
cnn-tls.map.fastly.net,AMN,UB,UB
cnn.com,AMN,UB,UB
cnn.io,AMN,UB,UB
fairplay.license.istreamplanet.com,AMN,UB,UB
istreamplanet.com,AMN,UB,UB
navvy.media.net,AMN,UB,UB
ngtv.io,AMN,UB,UB
nielsencollections.com,AMN,UB,UB
ntv.io,AMN,UB,UB
pdst.fm,AMN,UB,UB
podtrac.com,AMN,UB,UB
pointmediatracker.com,AMN,UB,UB
px-cloud.net,AMN,UB,UB
radiotime.com,AMN,UB,UB
rlcdn.com,AMN,UB,UB
swap.fm,AMN,UB,UB
tracking.swap.fm,AMN,UB,UB
turner.com,AMN,UB,UB
tzm.px-cloud.net,AMN,UB,UB
ugdturner.com,AMN,UB,UB
waenermedialabs.com,AMN,UB,UB
warnermedia.com,AMN,UB,UB
warnermediacdn.com,AMN,UB,UB
warnermediagroup-com.videoplayerhub.com,AMN,UB,UB
wbd-api.arkoselabs.com,AMN,UB,UB
zqtk.net,AMN,UB,UB