a1944.dscw16.akamai.net,AMN,UE,UE
a2030.dscapi9.akamai.net,AMN,UE,UE
admaster.cc,AMN,UE,UE
arkose.daex.identityservices.io,AMN,UE,UE
bea4.v.fwmrm.net,AMN,UE,UE
bitmovin.com,AMN,UE,UE
cadmus.script.ac,AMN,UE,UE
cdn.blisspointmedia.com,AMN,UE,UE
cdn.ml314.com,AMN,UE,UE
cdn.parsely.com,AMN,UE,UE
chrt.fm,AMN,UE,UE
cnn-tls.map.fastly.net,AMN,UE,UE
cnn.com,AMN,UE,UE
cnn.io,AMN,UE,UE
fairplay.license.istreamplanet.com,AMN,UE,UE
istreamplanet.com,AMN,UE,UE
navvy.media.net,AMN,UE,UE
ngtv.io,AMN,UE,UE
nielsencollections.com,AMN,UE,UE
ntv.io,AMN,UE,UE
pdst.fm,AMN,UE,UE
podtrac.com,AMN,UE,UE
pointmediatracker.com,AMN,UE,UE
px-cloud.net,AMN,UE,UE
radiotime.com,AMN,UE,UE
rlcdn.com,AMN,UE,UE
swap.fm,AMN,UE,UE
tracking.swap.fm,AMN,UE,UE
turner.com,AMN,UE,UE
tzm.px-cloud.net,AMN,UE,UE
ugdturner.com,AMN,UE,UE
waenermedialabs.com,AMN,UE,UE
warnermedia.com,AMN,UE,UE
warnermediacdn.com,AMN,UE,UE
warnermediagroup-com.videoplayerhub.com,AMN,UE,UE
wbd-api.arkoselabs.com,AMN,UE,UE
zqtk.net,AMN,UE,UE