a1944.dscw16.akamai.net,AMN,UD,UD
a2030.dscapi9.akamai.net,AMN,UD,UD
admaster.cc,AMN,UD,UD
arkose.daex.identityservices.io,AMN,UD,UD
bea4.v.fwmrm.net,AMN,UD,UD
bitmovin.com,AMN,UD,UD
cadmus.script.ac,AMN,UD,UD
cdn.blisspointmedia.com,AMN,UD,UD
cdn.ml314.com,AMN,UD,UD
cdn.parsely.com,AMN,UD,UD
chrt.fm,AMN,UD,UD
cnn-tls.map.fastly.net,AMN,UD,UD
cnn.com,AMN,UD,UD
cnn.io,AMN,UD,UD
fairplay.license.istreamplanet.com,AMN,UD,UD
istreamplanet.com,AMN,UD,UD
navvy.media.net,AMN,UD,UD
ngtv.io,AMN,UD,UD
nielsencollections.com,AMN,UD,UD
ntv.io,AMN,UD,UD
pdst.fm,AMN,UD,UD
podtrac.com,AMN,UD,UD
pointmediatracker.com,AMN,UD,UD
px-cloud.net,AMN,UD,UD
radiotime.com,AMN,UD,UD
rlcdn.com,AMN,UD,UD
swap.fm,AMN,UD,UD
tracking.swap.fm,AMN,UD,UD
turner.com,AMN,UD,UD
tzm.px-cloud.net,AMN,UD,UD
ugdturner.com,AMN,UD,UD
waenermedialabs.com,AMN,UD,UD
warnermedia.com,AMN,UD,UD
warnermediacdn.com,AMN,UD,UD
warnermediagroup-com.videoplayerhub.com,AMN,UD,UD
wbd-api.arkoselabs.com,AMN,UD,UD
zqtk.net,AMN,UD,UD