ATP.fox,AMN,UB,UB
Casalemedia.com,AMN,UB,UB
Claspws.tv,AMN,UB,UB
Dt.fox,AMN,UB,UB
Fox.com,AMN,UB,UB
Foxbusiness.com,AMN,UB,UB
FoxNews.com,AMN,UB,UB
Foxnews-d.openx.net,AMN,UB,UB
foxnews.com.ssl.d1.sc.omtrdc.net,AMN,UB,UB
foxnews.hb.omtrdc.net,AMN,UB,UB
foxnewsplayer-a.akamaihd.net,AMN,UB,UB
foxweather.com,AMN,UB,UB
global.ketchcdn.com,AMN,UB,UB
H-cdn.com,AMN,UB,UB
hrzn-NXT.com,AMN,UB,UB
Ketchcdn.com,AMN,UB,UB
Ketchjs.com,AMN,UB,UB
knotch.it,AMN,UB,UB
lunalabs.io,AMN,UB,UB
mads.amazon-adsystem.com,AMN,UB,UB
Mobile-gw.spot.im,AMN,UB,UB
Podtrac.com,AMN,UB,UB
Strike.fox,AMN,UB,UB
time.akamai.com,AMN,UB,UB
Trueanthem.com,AMN,UB,UB
tv.springserve.com,AMN,UB,UB
va-edge.sc.omtrdc.net,AMN,UB,UB
vqlbo5-cdn-settings.appsflyersdk.com,AMN,UB,UB
vqlbo5-inapps.appsflyersdk.com,AMN,UB,UB
webcontentassessor.com,AMN,UB,UB
wndc1.outbrain.org,AMN,UB,UB
zemanta.com,AMN,UB,UB
aax-ott-c2s.amazon-adsystem.com,AMN,UB,UB
aax-us-east.amazon-adsystem.com,AMN,UB,UB
aax.amazon-adsystem.com,AMN,UB,UB
admaster.cc,AMN,UB,UB
amperwave.net,AMN,UB,UB
Amprtc.media.net,AMN,UB,UB
cf-images.us-east-1.prod.boltdns.net,AMN,UB,UB
claspws.tv,AMN,UB,UB
dcs-public-edge-va6-158015560.us-east-1.elb.amazonaws.com,AMN,UB,UB
ethos551-prod-va6-k8s-p2-0-ae4ec75f18def055.elb.us-east-1.amazonaws.com,AMN,UB,UB