ATP.fox,AMN,UF,UF
Casalemedia.com,AMN,UF,UF
Claspws.tv,AMN,UF,UF
Dt.fox,AMN,UF,UF
Fox.com,AMN,UF,UF
Foxbusiness.com,AMN,UF,UF
FoxNews.com,AMN,UF,UF
Foxnews-d.openx.net,AMN,UF,UF
foxnews.com.ssl.d1.sc.omtrdc.net,AMN,UF,UF
foxnews.hb.omtrdc.net,AMN,UF,UF
foxnewsplayer-a.akamaihd.net,AMN,UF,UF
foxweather.com,AMN,UF,UF
global.ketchcdn.com,AMN,UF,UF
H-cdn.com,AMN,UF,UF
hrzn-NXT.com,AMN,UF,UF
Ketchcdn.com,AMN,UF,UF
Ketchjs.com,AMN,UF,UF
knotch.it,AMN,UF,UF
lunalabs.io,AMN,UF,UF
mads.amazon-adsystem.com,AMN,UF,UF
Mobile-gw.spot.im,AMN,UF,UF
Podtrac.com,AMN,UF,UF
Strike.fox,AMN,UF,UF
time.akamai.com,AMN,UF,UF
Trueanthem.com,AMN,UF,UF
tv.springserve.com,AMN,UF,UF
va-edge.sc.omtrdc.net,AMN,UF,UF
vqlbo5-cdn-settings.appsflyersdk.com,AMN,UF,UF
vqlbo5-inapps.appsflyersdk.com,AMN,UF,UF
webcontentassessor.com,AMN,UF,UF
wndc1.outbrain.org,AMN,UF,UF
zemanta.com,AMN,UF,UF
aax-ott-c2s.amazon-adsystem.com,AMN,UF,UF
aax-us-east.amazon-adsystem.com,AMN,UF,UF
aax.amazon-adsystem.com,AMN,UF,UF
admaster.cc,AMN,UF,UF
amperwave.net,AMN,UF,UF
Amprtc.media.net,AMN,UF,UF
cf-images.us-east-1.prod.boltdns.net,AMN,UF,UF
claspws.tv,AMN,UF,UF
dcs-public-edge-va6-158015560.us-east-1.elb.amazonaws.com,AMN,UF,UF
ethos551-prod-va6-k8s-p2-0-ae4ec75f18def055.elb.us-east-1.amazonaws.com,AMN,UF,UF