ATP.fox,AMN,UD,UD
Casalemedia.com,AMN,UD,UD
Claspws.tv,AMN,UD,UD
Dt.fox,AMN,UD,UD
Fox.com,AMN,UD,UD
Foxbusiness.com,AMN,UD,UD
FoxNews.com,AMN,UD,UD
Foxnews-d.openx.net,AMN,UD,UD
foxnews.com.ssl.d1.sc.omtrdc.net,AMN,UD,UD
foxnews.hb.omtrdc.net,AMN,UD,UD
foxnewsplayer-a.akamaihd.net,AMN,UD,UD
foxweather.com,AMN,UD,UD
global.ketchcdn.com,AMN,UD,UD
H-cdn.com,AMN,UD,UD
hrzn-NXT.com,AMN,UD,UD
Ketchcdn.com,AMN,UD,UD
Ketchjs.com,AMN,UD,UD
knotch.it,AMN,UD,UD
lunalabs.io,AMN,UD,UD
mads.amazon-adsystem.com,AMN,UD,UD
Mobile-gw.spot.im,AMN,UD,UD
Podtrac.com,AMN,UD,UD
Strike.fox,AMN,UD,UD
time.akamai.com,AMN,UD,UD
Trueanthem.com,AMN,UD,UD
tv.springserve.com,AMN,UD,UD
va-edge.sc.omtrdc.net,AMN,UD,UD
vqlbo5-cdn-settings.appsflyersdk.com,AMN,UD,UD
vqlbo5-inapps.appsflyersdk.com,AMN,UD,UD
webcontentassessor.com,AMN,UD,UD
wndc1.outbrain.org,AMN,UD,UD
zemanta.com,AMN,UD,UD
aax-ott-c2s.amazon-adsystem.com,AMN,UD,UD
aax-us-east.amazon-adsystem.com,AMN,UD,UD
aax.amazon-adsystem.com,AMN,UD,UD
admaster.cc,AMN,UD,UD
amperwave.net,AMN,UD,UD
Amprtc.media.net,AMN,UD,UD
cf-images.us-east-1.prod.boltdns.net,AMN,UD,UD
claspws.tv,AMN,UD,UD
dcs-public-edge-va6-158015560.us-east-1.elb.amazonaws.com,AMN,UD,UD
ethos551-prod-va6-k8s-p2-0-ae4ec75f18def055.elb.us-east-1.amazonaws.com,AMN,UD,UD