a1475.r.akamai.net,AMN,MX,MX
a355.dscr.akamai.net,AMN,MX,MX
a49.dscr.akamai.net,AMN,MX,MX
a727.r.akamai.net,AMN,MX,MX
aadcdn.msftauthimages.net,AMN,MX,MX
account-prod-scale-icc-aws.s3.ap-south-1.amazonaws.com,AMN,MX,MX
ajax.aspnetcdn.com,AMN,MX,MX
assets-icc.sportz.io,AMN,MX,MX
clipro.tv,AMN,MX,MX
dc.services.visualstudio.com,AMN,MX,MX
divafe-icc.akamaized.net,AMN,MX,MX
feedpublisher-icc.akamaized.net,AMN,MX,MX
icc-cricket.com,AMN,MX,MX
icc-volt.com,AMN,MX,MX
icc.tv,AMN,MX,MX
iccprdlogin.b2clogin.com,AMN,MX,MX
iccwrappedapi.aws.insomnialabs.xyz,AMN,MX,MX
live-i-01-icc-we.akamaized.net,AMN,MX,MX
mvp.fan,AMN,MX,MX
npaw.com,AMN,MX,MX
prod-scale-icc-aws.d3-scale.com,AMN,MX,MX
vo.msecnd.net,AMN,MX,MX
vod-i-01-icc-we.akamaized.net,AMN,MX,MX
worldtestchampionship.com,AMN,MX,MX