a212.dscw80.akamai.net,ASS,IN,IN
a2047.dscapi3.akamai.net,ASS,IN,IN
a2047.dscapi4.akamai.net,ASS,IN,IN
a2047.dscapi5.akamai.net,ASS,IN,IN
a2047.dsct.akamai.net,ASS,IN,IN
a2047.dscb.akamai.net,ASS,IN,IN
a1810.dscf1.akamai.net,ASS,IN,IN
a2047.dscapi10.akamai.net,ASS,IN,IN
a1387.dscb.akamai.net,ASS,IN,IN
ax-0001.ax-msedge.net,ASS,IN,IN
a1993.dscf1.akamai.net,ASS,IN,IN
a817.dscapi2.akamai.net,ASS,IN,IN
a1829.dscf1.akamai.net,ASS,IN,IN
hotstarext.com,ASS,IN,IN
hesads.akamaized.net,ASS,IN,IN
mtu0rs-launches.appsflyersdk.com,ASS,IN,IN
mtu0rs-skadsdkless.appsflyersdk.com,ASS,IN,IN
easybrain.com,ASS,IN,IN
a229.dscw41.akamai.net,ASS,IN,IN
a781.dscz.akamai.net,ASS,IN,IN
a2047.dscapi2.akamai.net,ASS,IN,IN
v3.license.tiled.media,ASS,IN,IN
a670.dscv.akamai.net,ASS,IN,IN
a1960.dscw80.akamai.net,ASS,IN,IN
a975.dscw42.akamai.net,ASS,IN,IN
a1273.dscw80.akamai.net,ASS,IN,IN
pjjvif-cdn-settings.appsflyersdk.com,ASS,IN,IN