Hubbl.com.au,OCA,AU,AU
Adnxs.com,OCA,AU,AU
Outbrain.com,OCA,AU,AU
Kayosports.com.au,OCA,AU,AU
launchdarkly.com,OCA,AU,AU
App.link,OCA,AU,AU
Streamotion.com.au,OCA,AU,AU
Bam.nr-data.net,OCA,AU,AU
Bat.bing.com,OCA,AU,AU
Cdn.id5-sync.com,OCA,AU,AU
Cdn.segment.com,OCA,AU,AU
Everesttech.net,OCA,AU,AU
Foxtel.com.au,OCA,AU,AU
foxtel-ctrl.live.ott.irdeto.com,OCA,AU,AU
fxtlgrp-live1-761f422bb93edb7b.akamaized.net,OCA,AU,AU
fxtlgrp-live1-814bffb9b389f652.akamaized.net,OCA,AU,AU
fxtlgrp-vod-spt-avc-drm1.akamaized.net,OCA,AU,AU
foxtelgroupcdn.net.au,OCA,AU,AU
Pinimg.com,OCA,AU,AU
Flashtalking.com,OCA,AU,AU
Contentsquare.net,OCA,AU,AU
Podscribe.com,OCA,AU,AU
Everestjs.net,OCA,AU,AU
Google.com.au,OCA,AU,AU
Quantserve.com,OCA,AU,AU
asn.au,OCA,AU,AU
com.au,OCA,AU,AU
edu.au,OCA,AU,AU
gov.au,OCA,AU,AU
id.au,OCA,AU,AU
net.au,OCA,AU,AU
org.au,OCA,AU,AU
conf.au,OCA,AU,AU
oz.au,OCA,AU,AU
bam.cell.nr-data.net,OCA,AU,AU
c-bing-com.ax-0001.ax-msedge.net,OCA,AU,AU
sdk.iad-01.braze.com.cdn.cloudflare.net,OCA,AU,AU
c-msn-pme.trafficmanager.net,OCA,AU,AU
news.com.au,OCA,AU,AU
lbs.eu-1-id5-sync.com,OCA,AU,AU
vice-prod.sdiapi.com,OCA,AU,AU
a256.dscz.akamai.net,OCA,AU,AU
bendingspoons.map.fastly.net,OCA,AU,AU
kayosports.com.au.ssl.sc.omtrdc.net,OCA,AU,AU
outbrain.org,OCA,AU,AU
bat-bing-com.ax-0001.ax-msedge.net,OCA,AU,AU
bam.nr-data.net.cdn.cloudflare.net,OCA,AU,AU
a987.dscz.akamai.net,OCA,AU,AU
Acdn.adnxs.com,OCA,AU,AU
Binge.com.au,OCA,AU,AU
a1013.dsct.akamai.net,OCA,AU,AU