queniuhy.com,ASE,CN,CN
cdnhwc3.com,ASE,CN,CN
cdnhwc5.com,ASE,CN,CN
ovscdns.net,ASE,CN,CN
ks-cdn.com,ASE,CN,CN
inkuai.com,ASE,CN,CN
kwaicdn.com,ASE,CN,CN
jomodns.com,ASE,CN,CN
kskwai.com,ASE,CN,CN
bpaykwai.com,ASE,CN,CN
cdnhwchcg02.com,ASE,CN,CN
cdnhwcoem01.com,ASE,CN,CN
cdngslb.com,ASE,CN,CN
yximgs.com.wscdns.com,ASE,CN,CN
aicdn5.com,ASE,CN,CN
bdydns.com,ASE,CN,CN
aicdn.com,ASE,CN,CN
kuaishouzt.com,ASE,CN,CN
kwaizt.com,ASE,CN,CN
ksapisrv.com,ASE,CN,CN
gifshow.com,ASE,CN,CN
kuaishou.com,ASE,CN,CN
qpic.cn,ASE,CN,CN
inkwai.com,ASE,CN,CN
yximgs.com,ASE,CN,CN
wsukwai.com,ASE,CN,CN
kwimgs.com,ASE,CN,CN
bekwai.com,ASE,CN,CN