a1241.dscv.akamai.net,AMN,UB,UB
nielsen.com,AMN,UB,UB
nielsencollections.com,AMN,UB,UB
fp-keyos.licensekeyserver.com,AMN,UB,UB
live-oneapp-prd-news.akamaized.net,AMN,UB,UB
nmrodam.com,AMN,UB,UB
ln-0002.ln-msedge.net,AMN,UB,UB
mgln.ai,AMN,UB,UB
msnbc.com,AMN,UB,UB
Nbc.com,AMN,UB,UB
nbcnews.com,AMN,UB,UB
us-east-1.elasticbeanstalk.com,AMN,UB,UB
nbcuni.com,AMN,UB,UB
nbcu-peacock-prod.map.fastly.net,AMN,UB,UB
prodamdnewsencoding.akamaized.net,AMN,UB,UB
s-usc1a-nss-2010.firebaseio.com,AMN,UB,UB
nmrodam.com,AMN,UB,UB
sp-gw.adobepass.com,AMN,UB,UB
tls13.taboola.map.fastly.net,AMN,UB,UB
us-east-1.elb.amazonaws.com,AMN,UB,UB
s-nbcnews.com,AMN,UB,UB
a1241.dscv.akamai.net,AMN,UB,UB
nielsen.com,AMN,UB,UB
nielsencollections.com,AMN,UB,UB