a1241.dscv.akamai.net,AMN,UE,UE
nielsen.com,AMN,UE,UE
nielsencollections.com,AMN,UE,UE
fp-keyos.licensekeyserver.com,AMN,UE,UE
live-oneapp-prd-news.akamaized.net,AMN,UE,UE
nmrodam.com,AMN,UE,UE
ln-0002.ln-msedge.net,AMN,UE,UE
mgln.ai,AMN,UE,UE
msnbc.com,AMN,UE,UE
Nbc.com,AMN,UE,UE
nbcnews.com,AMN,UE,UE
us-east-1.elasticbeanstalk.com,AMN,UE,UE
nbcuni.com,AMN,UE,UE
nbcu-peacock-prod.map.fastly.net,AMN,UE,UE
prodamdnewsencoding.akamaized.net,AMN,UE,UE
s-usc1a-nss-2010.firebaseio.com,AMN,UE,UE
nmrodam.com,AMN,UE,UE
sp-gw.adobepass.com,AMN,UE,UE
tls13.taboola.map.fastly.net,AMN,UE,UE
us-east-1.elb.amazonaws.com,AMN,UE,UE
s-nbcnews.com,AMN,UE,UE
a1241.dscv.akamai.net,AMN,UE,UE
nielsen.com,AMN,UE,UE
nielsencollections.com,AMN,UE,UE