paypal.com,AMN,US,US
paypal.net,AMN,US,US
paypal.org,AMN,US,US
paypal.us,AMN,US,US
paypal.eu,AMN,US,US
paypal.me,AMN,US,US
paypalobjects.com,AMN,US,US
paypal-communication.com,AMN,US,US
paypal-community.com,AMN,US,US
paypal-support.com,AMN,US,US
paypal-techsupport.com,AMN,US,US
paypal-prepaid.com,AMN,US,US
paypal-prepagata.com,AMN,US,US
paypal-corp.com,AMN,US,US
pypl.com,AMN,US,US
paypal.at,AMN,US,US
paypal.be,AMN,US,US
paypal.ca,AMN,US,US
paypal.ch,AMN,US,US
paypal.cl,AMN,US,US
paypal.cn,AMN,US,US
paypal.com.cn,AMN,US,US
paypal.co.il,AMN,US,US
paypal.co.in,AMN,US,US
paypal.in,AMN,US,US
paypal.co.nz,AMN,US,US
paypal.co.th,AMN,US,US
paypal.co.uk,AMN,US,US
paypal.co.za,AMN,US,US
paypal.com.ar,AMN,US,US
paypal.com.au,AMN,US,US
paypal.com.br,AMN,US,US
paypal.com.es,AMN,US,US
paypal.es,AMN,US,US
paypal.com.hk,AMN,US,US
paypal.com.mx,AMN,US,US
paypal.mx,AMN,US,US
paypal.com.pt,AMN,US,US
paypal.pt,AMN,US,US
paypal.com.sa,AMN,US,US
paypal.com.sg,AMN,US,US
paypal.sg,AMN,US,US
paypal.com.tr,AMN,US,US
paypal.com.tw,AMN,US,US
paypal.com.ve,AMN,US,US
paypal.de,AMN,US,US
paypal.dk,AMN,US,US
paypal.fi,AMN,US,US
paypal.fr,AMN,US,US
paypal.ie,AMN,US,US
paypal.it,AMN,US,US
paypal.jp,AMN,US,US
paypal.lu,AMN,US,US
paypal.nl,AMN,US,US
paypal.no,AMN,US,US
paypal.ph,AMN,US,US
paypal.pl,AMN,US,US
paypal.se,AMN,US,US
paypal.co.id,AMN,US,US
paypal.com.my,AMN,US,US