a303.dscd.akamai.net,ASD,ID,ID
a339.dscgi3.akamai.net,ASD,ID,ID
br-trk.smadex.com,ASD,ID,ID
cdn-ima.33across.com,ASD,ID,ID
cdn.liftoff-creatives.io,ASD,ID,ID
cdn.qgraph.io,ASD,ID,ID
crwdcntrl.net,ASD,ID,ID
disk.akamaized.net,ASD,ID,ID
events-dca.bidder.kayzen.io,ASD,ID,ID
id.w.cdngslb.com,ASD,ID,ID
indostreamserver.com,ASD,ID,ID
invstatic101.creativecdn.com,ASD,ID,ID
jogjastreamers.com,ASD,ID,ID
klaklik.com,ASD,ID,ID
kunlunsl.com,ASD,ID,ID
mncplus.com,ASD,ID,ID
mncplus.id,ASD,ID,ID
mncanalytics.id,ASD,ID,ID
multidrm.core.verimatrixcloud.net,ASD,ID,ID
oa.openxcdn.net,ASD,ID,ID
r10.o.lencr.org,ASD,ID,ID
radiojar.com,ASD,ID,ID
rcti.plus,ASD,ID,ID
rcti.plus.w.cdngslb.com,ASD,ID,ID
rctiplus.com,ASD,ID,ID
rctiplus.id,ASD,ID,ID
roov.id,ASD,ID,ID
utv.c.cdnhwc7.com,ASD,ID,ID
vinhostmedia.com,ASD,ID,ID
visionplus.id,ASD,ID,ID
ac.id,ASD,ID,ID
biz.id,ASD,ID,ID
co.id,ASD,ID,ID
desa.id,ASD,ID,ID
go.id,ASD,ID,ID
mil.id,ASD,ID,ID
my.id,ASD,ID,ID
net.id,ASD,ID,ID
or.id,ASD,ID,ID
ponpes.id,ASD,ID,ID
sch.id,ASD,ID,ID
web.id,ASD,ID,ID
