a1806.dscw154.akamai.net,OCA,NZ,NZ
a2030.dscapi9.akamai.net,OCA,NZ,NZ
a358.dscq.akamai.net,OCA,NZ,NZ
ap-southeast-2.aws.cloud.es.io,OCA,NZ,NZ
feroot.com,OCA,NZ,NZ
identicons.dev,OCA,NZ,NZ
prod-skyonevod.akamaized.net,OCA,NZ,NZ
prod.boltdns.net,OCA,NZ,NZ
sdk.scdn.co,OCA,NZ,NZ
shielded.co.nz,OCA,NZ,NZ
sky-nz.penthera.com,OCA,NZ,NZ
sky.co.nz,OCA,NZ,NZ
skygo.co.nz,OCA,NZ,NZ
skycloud.co.nz,OCA,NZ,NZ
skyone.co.nz,OCA,NZ,NZ
split.io,OCA,NZ,NZ
split.map.fastly.net,OCA,NZ,NZ
t0.gstatic.com,OCA,NZ,NZ
ac.nz,OCA,NZ,NZ
co.nz,OCA,NZ,NZ
cri.nz,OCA,NZ,NZ
geek.nz,OCA,NZ,NZ
gen.nz,OCA,NZ,NZ
govt.nz,OCA,NZ,NZ
health.nz,OCA,NZ,NZ
iwi.nz,OCA,NZ,NZ
kiwi.nz,OCA,NZ,NZ
maori.nz,OCA,NZ,NZ
mil.nz,OCA,NZ,NZ
net.nz,OCA,NZ,NZ
org.nz,OCA,NZ,NZ
parliament.nz,OCA,NZ,NZ
school.nz,OCA,NZ,NZ
a1874.v.akamai.net,OCA,NZ,NZ